colleg_id,college_name,place,phone_number,email,
1,"UNIVERSITY DEPARTMENTS OF ANNA UNIVERSITY, CEG",Chennai,8753552484,annauniversity@gmail.com,
2,"UNIVERSITY DEPARTMENTS OF ANNA UNIVERSITY, ACT",Chennai,7987981999,annauniversitymit@gmail.com,
4,"UNIVERSITY DEPARTMENTS OF ANNA UNIVERSITY, MIT",Kancheepuram,8436227385,annauniversityag@gmail.com,
1013,UNIVERSITY COLLEGE OF ENGINEERING.,Villupuram,9090069234,annauniversity@gmail.com,
1014,"UNIVERSITY COLLEGE OF ENGINEERING,",Villupuram,7777448955,annauniversity@gmail.com,
1015,UNIVERSITY COLLEGE OF ENGINEERING,Thiruvannamalai,9135092375,annauniversity@gmail.com,
1026,UNIVERSITY COLLEGE OF ENGINEERING,Kancheepuram,9452613238,annauniversity@gmail.com,
1101,AALIM MUHAMMED SALEGH COLLEGE OF ENGINEERING,Thiruvallur,9216419317,aalimmuhammedsaleghcollegeofengineering@gmail.com,
1102,BHAJARANG ENGINEERING COLLEGE.,Thiruvallur,9965365469,bhajarangengineeringcollege.@gmail.com,
1106,JAYA ENGINEERING COLLEGE,Thiruvallur,9212835065,jayaengineeringcollege@gmail.com,
1107,JAYA INSTITUTE OF TECHNOLOGY,Thiruvallur,7496435674,jayainstituteoftechnology@gmail.com,
1110,PRATHYUSHA ENGINEERING COLLEGE,Thiruvallur,7206933635,prathyushaengineeringcollege@gmail.com,
1112,R.M.D. ENGINEERING COLLEGE,Thiruvallur,9809244908,r.m.d.engineeringcollege@gmail.com,
1113,R.M.K. ENGINEERING COLLEGE,Thiruvallur,9417860978,r.m.k.engineeringcollege@gmail.com,
1114,S.A. ENGINEERING COLLEGE.,Thiruvallur,8931056205,s.a.engineeringcollege.@gmail.com,
1115,SRIRAM ENGINEERING COLLEGE,Thiruvallur,8052807670,sriramengineeringcollege@gmail.com,
1116,SRI VENKATESWARA COLLEGE OF ENGINEERING AND TECHNOLOGY.,Thiruvallur,8897825036,srivenkateswaracollegeofengineeringandtechnology.@gmail.com,
1118,VEL TECH MULTI TECH DR.RANGARAJAN DR.SAKUNTHALA ENGINEERING COLLEGE,Thiruvallur,9198383442,veltechmultitechdr.rangarajandr.sakunthalaengineeringcollege@gmail.com,
1120,VELAMMAL ENGINEERING COLLEGE,Thiruvallur,9898867120,velammalengineeringcollege@gmail.com,
1121,SRI VENKATESWARA INSTITUTE OF SCIENCE AND TECHNOLOGY,Thiruvallur,7201717023,srivenkateswarainstituteofscienceandtechnology@gmail.com,
1122,VEL TECH HIGH TECH DR.RANGARAJAN DR.SAKUNTHALA ENGINEERING COLLEGE,Thiruvallur,8470946266,veltechhightechdr.rangarajandr.sakunthalaengineeringcollege@gmail.com,
1123,GOJAN SCHOOL OF BUSINESS AND TECHNOLOGY.,Thiruvallur,8512023498,gojanschoolofbusinessandtechnology.@gmail.com,
1124,SAMS COLLEGE OF ENGINEERING AND TECHNOLOGY,Thiruvallur,7245571761,samscollegeofengineeringandtechnology@gmail.com,
1125,PMR ENGINEERING COLLEGE.,Thiruvallur,7618832231,pmrengineeringcollege.@gmail.com,
1126,JNN INSTITUTE OF ENGINEERING,Thiruvallur,9554363446,jnninstituteofengineering@gmail.com,
1127,St. PETER'S COLLEGE OF ENGINEERING AND TECHNOLOGY,Thiruvallur,9628472085,st.peter'scollegeofengineeringandtechnology@gmail.com,
1128,R.M.K. COLLEGE OF ENGINEERING AND TECHNOLOGY,Thiruvallur,7621197772,r.m.k.collegeofengineeringandtechnology@gmail.com,
1131,VEL TECH,Thiruvallur,8014700516,veltech@gmail.com,
1133,ANNAI VEILANKANNI'S COLLEGE OF ENGINEERING,Kancheepuram,8994905141,annaiveilankanni'scollegeofengineering@gmail.com,
1137,ANNAI MIRA COLLEGE OF ENGINEERING AND TECHNOLOGY,Vellore,9244776519,annaimiracollegeofengineeringandtechnology@gmail.com,
1140,JEPPIAAR INSTITUTE OF TECHNOLOGY,Kancheepuram,7906496355,jeppiaarinstituteoftechnology@gmail.com,
1141,R.V.S. PADHMAVATHY COLLEGE OF ENGINEERING & TECHNOLOGY,Thiruvallur,9036451443,r.v.s.padhmavathycollegeofengineering&technology@gmail.com,
1143,KUMARAN INSTITUTE OF TECHNOLOGY,Thiruvallur,7629130077,kumaraninstituteoftechnology@gmail.com,
1149,St. JOSEPH'S INSTITUTE OF TECHNOLOGY,Kancheepuram,8016308863,st.joseph'sinstituteoftechnology@gmail.com,
1150,SRI JAYARAM INSTITUTE OF ENGINEERING AND TECHNOLOGY,Thiruvallur,8674231373,srijayaraminstituteofengineeringandtechnology@gmail.com,
1157,SHRI SITHESWARAR ENGINEERING COLLEGE,Vellore,8084641240,shrisitheswararengineeringcollege@gmail.com,
1201,ARIGNAR ANNA INSTITUTE OF SCIENCE AND TECHNOLOGY,Kancheepuram,9368066113,arignarannainstituteofscienceandtechnology@gmail.com,
1202,D M I COLLEGE OF ENGINEERING,Kancheepuram,9104838941,dmicollegeofengineering@gmail.com,
1205,LORD VENKATESHWARAA ENGINEERING COLLEGE,Kancheepuram,9865250404,lordvenkateshwaraaengineeringcollege@gmail.com,
1206,JEPPIAAR MAAMALLAN ENGINEERING COLLEGE,Kancheepuram,8687518475,jeppiaarmaamallanengineeringcollege@gmail.com,
1207,KINGS ENGINEERING COLLEGE,Kancheepuram,8771198119,kingsengineeringcollege@gmail.com,
1208,KANCHI PALLAVAN ENGINEERING COLLEGE,Kancheepuram,7883216539,kanchipallavanengineeringcollege@gmail.com,
1209,PALLAVAN COLLEGE OF ENGINEERING,Kancheepuram,8392183254,pallavancollegeofengineering@gmail.com,
1210,PANIMALAR ENGINEERING COLLEGE,Thiruvallur,7710703770,panimalarengineeringcollege@gmail.com,
1211,RAJALAKSHMI ENGINEERING COLLEGE (AUTONOMOUS),Kancheepuram,8045816835,rajalakshmiengineeringcollege(autonomous)@gmail.com,
1212,RAJIV GANDHI COLLEGE OF ENGINEERING,Kancheepuram,8872095314,rajivgandhicollegeofengineering@gmail.com,
1213,S.K.R. ENGINEERING COLLEGE,Thiruvallur,9267101576,s.k.r.engineeringcollege@gmail.com,
1214,SAKTHI MARIAMMAN ENGINEERING COLLEGE,Kancheepuram,8414203215,sakthimariammanengineeringcollege@gmail.com,
1216,SAVEETHA ENGINEERING COLLEGE,Kancheepuram,7099455482,saveethaengineeringcollege@gmail.com,
1217,SREE SASTHA INSTITUTE OF ENGINEERING AND TECHNOLOGY,Thiruvallur,7506648402,sreesasthainstituteofengineeringandtechnology@gmail.com,
1218,SRI MUTHUKUMARAN INSTITUTE OF TECHNOLOGY,Kancheepuram,7985238202,srimuthukumaraninstituteoftechnology@gmail.com,
1219,SRI VENKATESWARA COLLEGE OF ENGINEERING (AUTONOMOUS),Kancheepuram,9330462071,srivenkateswaracollegeofengineering(autonomous)@gmail.com,
1221,JAYA COLLEGE OF ENGINEERING AND TECHNOLOGY,Thiruvallur,9163820512,jayacollegeofengineeringandtechnology@gmail.com,
1222,P.B. COLLEGE OF ENGINEERING,Kancheepuram,7590190654,p.b.collegeofengineering@gmail.com,
1225,LOYOLA INSTITUTE OF TECHNOLOGY,Kancheepuram,9651067004,loyolainstituteoftechnology@gmail.com,
1226,P.T. LEE CHENGALVARAYA NAICKER COLLEGE OF ENGINEERING AND TECHNOLOGY,Kancheepuram,9947734855,p.t.leechengalvarayanaickercollegeofengineeringandtechnology@gmail.com,
1228,ALPHA COLLEGE OF ENGINEERING,Thiruvallur,7588397178,alphacollegeofengineering@gmail.com,
1229,INDIRA INSTITUTE OF ENGINEERING AND TECHNOLOGY,Thiruvallur,8960386572,indirainstituteofengineeringandtechnology@gmail.com,
1230,APOLLO ENGINEERING COLLEGE,Kancheepuram,8946134509,apolloengineeringcollege@gmail.com,
1231,PANIMALAR INSTITUTE OF TECHNOLOGY,Thiruvallur,8996894292,panimalarinstituteoftechnology@gmail.com,
1232,ARM COLLEGE OF ENGINEERING AND TECHNOLOGY,Kancheepuram,8523039879,armcollegeofengineeringandtechnology@gmail.com,
1233,ADHI COLLEGE OF ENGINEERING AND TECHNOLOGY,Kancheepuram,8043207080,adhicollegeofengineeringandtechnology@gmail.com,
1234,INDIRA GANDHI COLLEGE OF ENGINEERING AND TECHNOLOGY FOR WOMEN,Kancheepuram,8675083804,indiragandhicollegeofengineeringandtechnologyforwomen@gmail.com,
1235,J E I MATHAAJEE COLLEGE OF ENGINEERING,Kancheepuram,7092516358,jeimathaajeecollegeofengineering@gmail.com,
1237,VELAMMAL INSTITUTE OF TECHNOLOGY,Thiruvallur,7280398351,velammalinstituteoftechnology@gmail.com,
1238,GRT INSTITUTE OF ENGINEERING AND TECHNOLOGY,Thiruvallur,8867244999,grtinstituteofengineeringandtechnology@gmail.com,
1241,T.J.S. ENGINEERING COLLEGE,Thiruvallur,7794784958,t.j.s.engineeringcollege@gmail.com,
1242,SREE SASTHA COLLEGE OF ENGINEERING,Thiruvallur,8301584181,sreesasthacollegeofengineering@gmail.com,
1243,MADHA INSTITUTE OF ENGINEERING AND TECHNOLOGY,Kancheepuram,9426549883,madhainstituteofengineeringandtechnology@gmail.com,
1301,MOHAMED SATHAK A.J.COLLEGE OF ENGINEERING,Kancheepuram,8544898166,mohamedsathaka.j.collegeofengineering@gmail.com,
1303,ANAND INSTITUTE OF HIGHER TECHNOLOGY,Kancheepuram,9667757458,anandinstituteofhighertechnology@gmail.com,
1304,EASWARI ENGINEERING COLLEGE,Thiruvallur,7922795805,easwariengineeringcollege@gmail.com,
1306,JEPPIAAR ENGINEERING COLLEGE,Kancheepuram,8334268762,jeppiaarengineeringcollege@gmail.com,
1307,JERUSALEM COLLEGE OF ENGINEERING,Kancheepuram,9578210686,jerusalemcollegeofengineering@gmail.com,
1309,MEENAKSHI SUNDARARAJAN ENGINEERING COLLEGE,Chennai,9699535820,meenakshisundararajanengineeringcollege@gmail.com,
1310,MISRIMAL NAVAJEE MUNOTH JAIN ENGINEERING COLLEGE,Kancheepuram,8809750232,misrimalnavajeemunothjainengineeringcollege@gmail.com,
1311,K.C.G. COLLEGE OF TECHNOLOGY,Chennai,8126468434,k.c.g.collegeoftechnology@gmail.com,
1313,SMK FOMRA INSTITUTE OF TECHNOLOGY,Chennai,8882678755,smkfomrainstituteoftechnology@gmail.com,
1315,SRI SIVASUBRAMANIYA NADAR COLLEGE OF ENGINEERING (AUTONOMOUS),Kancheepuram,9059919577,srisivasubramaniyanadarcollegeofengineering(autonomous)@gmail.com,
1316,AGNI COLLEGE OF TECHNOLOGY,Kancheepuram,7519185652,agnicollegeoftechnology@gmail.com,
1317,St.JOSEPH'S COLLEGE OF ENGINEERING,Kancheepuram,9151005039,st.joseph'scollegeofengineering@gmail.com,
1318,T.J. INSTITUTE OF TECHNOLOGY,Chennai,9455865840,t.j.instituteoftechnology@gmail.com,
1319,THANGAVELU ENGINEERING COLLEGE,Chennai,8995828726,thangaveluengineeringcollege@gmail.com,
1320,JEPPIAAR SRR ENGINEERING COLLEGE,Kancheepuram,9984319844,jeppiaarsrrengineeringcollege@gmail.com,
1321,CENTRAL INSTITUTE OF PLASTICS ENGINEERING AND TECHNOLOGY,Chennai,9300632638,centralinstituteofplasticsengineeringandtechnology@gmail.com,
1322,DHANALAKSHMI SRINIVASAN COLLEGE OF ENGINEERING AND TECHNOLOGY,Kancheepuram,9756089450,dhanalakshmisrinivasancollegeofengineeringandtechnology@gmail.com,
1323,A.C.T. COLLEGE OF ENGINEERING AND TECHNOLOGY,Kancheepuram,8921309188,a.c.t.collegeofengineeringandtechnology@gmail.com,
1324,SRI SAI RAM INSTITUTE OF TECHNOLOGY,Kancheepuram,8031203762,srisairaminstituteoftechnology@gmail.com,
1325,St. JOSEPH COLLEGE OF ENGINEERING,Kancheepuram,7162988029,st.josephcollegeofengineering@gmail.com,
1333,VI INSTITUTE OF TECHNOLOGY,Kancheepuram,8162470151,viinstituteoftechnology@gmail.com,
1334,ARS COLLEGE OF ENGINEERING,Kancheepuram,9327206743,arscollegeofengineering@gmail.com,
1335,SRI KRISHNA INSTITUTE OF TECHNOLOGY,Kancheepuram,9110377600,srikrishnainstituteoftechnology@gmail.com,
1399,CHENNAI INSTITUTE OF TECHNOLOGY,Kancheepuram,8922921902,chennaiinstituteoftechnology@gmail.com,
1401,ADHIPARASAKTHI ENGINEERING COLLEGE,Kancheepuram,8250058303,adhiparasakthiengineeringcollege@gmail.com,
1402,ANNAI TERESA COLLEGE OF ENGINEERING,Villupuram,8605106803,annaiteresacollegeofengineering@gmail.com,
1405,DHANALAKSHMI COLLEGE OF ENGINEERING,Kancheepuram,8470615968,dhanalakshmicollegeofengineering@gmail.com,
1406,DR. PAULS ENGINEERING COLLEGE,Villupuram,8993924212,dr.paulsengineeringcollege@gmail.com,
1407,G.K.M. COLLEGE OF ENGINEERING AND TECHNOLOGY,Kancheepuram,8842953673,g.k.m.collegeofengineeringandtechnology@gmail.com,
1408,IFET COLLEGE OF ENGINEERING,Villupuram,8298987076,ifetcollegeofengineering@gmail.com,
1409,KARPAGA VINAYAGA COLLEGE OF ENGINEERING AND TECHNOLOGY,Kancheepuram,9033338943,karpagavinayagacollegeofengineeringandtechnology@gmail.com,
1411,MADHA ENGINEERING COLLEGE,Kancheepuram,7073872955,madhaengineeringcollege@gmail.com,
1412,MAILAM ENGINEERING COLLEGE,Villupuram,8019526003,mailamengineeringcollege@gmail.com,
1413,SRI VENKATESWARAA COLLEGE OF TECHNOLOGY,Kancheepuram,9867827373,srivenkateswaraacollegeoftechnology@gmail.com,
1414,PRINCE SHRI VENKATESHWARA PADMAVATHY ENGINEERING COLLEGE,Kancheepuram,9301158707,princeshrivenkateshwarapadmavathyengineeringcollege@gmail.com,
1415,T.S.M. JAIN COLLEGE OF TECHNOLOGY,Villupuram,8113164845,t.s.m.jaincollegeoftechnology@gmail.com,
1416,JAYA SAKTHI ENGINEERING COLLEGE,Thiruvallur,8924311553,jayasakthiengineeringcollege@gmail.com,
1417,SHRI ANDAL ALAGAR COLLEGE OF ENGINEERING,Kancheepuram,9077675261,shriandalalagarcollegeofengineering@gmail.com,
1418,SRI LAKSHMI AMMAL ENGINEERING COLLEGE,Kancheepuram,8344316698,srilakshmiammalengineeringcollege@gmail.com,
1419,SRI SAIRAM ENGINEERING COLLEGE,Kancheepuram,7009291883,srisairamengineeringcollege@gmail.com,
1420,TAGORE ENGINEERING COLLEGE,Kancheepuram,7105276156,tagoreengineeringcollege@gmail.com,
1421,V.R.S. COLLEGE OF ENGINEERING AND TECHNOLOGY,Villupuram,7585854070,v.r.s.collegeofengineeringandtechnology@gmail.com,
1422,VALLIAMMAI ENGINEERING COLLEGE,Kancheepuram,8797160637,valliammaiengineeringcollege@gmail.com,
1423,ASAN MEMORIAL COLLEGE OF ENGINEERING AND TECHNOLOGY,Kancheepuram,8109125644,asanmemorialcollegeofengineeringandtechnology@gmail.com,
1424,DHAANISH AHMED COLLEGE OF ENGINEERING,Kancheepuram,9097456351,dhaanishahmedcollegeofengineering@gmail.com,
1426,SRI RAMANUJAR ENGINEERING COLLEGE,Kancheepuram,9227933649,sriramanujarengineeringcollege@gmail.com,
1427,SRI KRISHNA ENGINEERING COLLEGE,Kancheepuram,8119306095,srikrishnaengineeringcollege@gmail.com,
1428,E.S ENGINEERING COLLEGE,Villupuram,7900809872,e.sengineeringcollege@gmail.com,
1430,MAHA BARATHI ENGINEERING COLLEGE,Villupuram,9514556593,mahabarathiengineeringcollege@gmail.com,
1431,NEW PRINCE SHRI BHAVANI COLLEGE OF ENGINEERING AND TECHNOLOGY,Kancheepuram,8028520184,newprinceshribhavanicollegeofengineeringandtechnology@gmail.com,
1432,RAJALAKSHMI INSTITUTE OF TECHNOLOGY,Thiruvallur,7095346426,rajalakshmiinstituteoftechnology@gmail.com,
1434,SURYA GROUP OF INSTITUTIONS,Villupuram,9305874892,suryagroupofinstitutions@gmail.com,
1435,BALAJI INSTITUTE OF ENGINEERING AND TECHNOLOGY,Kancheepuram,8538399778,balajiinstituteofengineeringandtechnology@gmail.com,
1436,A.R. ENGINEERING COLLEGE,Villupuram,8524523408,a.r.engineeringcollege@gmail.com,
1437,RRASE COLLEGE OF ENGINEERING,Kancheepuram,9828301122,rrasecollegeofengineering@gmail.com,
1438,SREE KRISHNA COLLEGE OF ENGINEERING,Vellore,8245077558,sreekrishnacollegeofengineering@gmail.com,
1439,S.R.I COLLEGE OF ENGINEERING AND TECHNOLOGY,Thiruvannamalai,9128037530,s.r.icollegeofengineeringandtechnology@gmail.com,
1441,A.K.T. MEMORIAL COLLEGE OF ENGINEERING AND TECHNOLOGY,Villupuram,9231771913,a.k.t.memorialcollegeofengineeringandtechnology@gmail.com,
1442,PRINCE Dr.K.VASUDEVAN COLLEGE OF ENGINEERING AND TECHNOLOGY,Kancheepuram,7355947897,princedr.k.vasudevancollegeofengineeringandtechnology@gmail.com,
1444,CHENDU COLLEGE OF ENGINEERING AND TECHNOLOGY,Kancheepuram,8216429384,chenducollegeofengineeringandtechnology@gmail.com,
1445,SRI RANGAPOOPATHI COLLEGE OF ENGINEERING,Villupuram,7997866514,srirangapoopathicollegeofengineering@gmail.com,
1447,JAWAHAR ENGINEERING COLLEGE,Chennai,7625998164,jawaharengineeringcollege@gmail.com,
1449,SARASWATHY COLLEGE OF ENGINEERING & TECHNOLOGY,Villupuram,7435883994,saraswathycollegeofengineering&technology@gmail.com,
1450,LOYOLA - ICAM COLLEGE OF ENGINEERING AND TECHNOLOGY,Chennai,8958882842,loyola-icamcollegeofengineeringandtechnology@gmail.com,
1452,PERI INSTITUTE OF TECHNOLOGY,Kancheepuram,9453250345,periinstituteoftechnology@gmail.com,
1501,ADHIPARASAKTHI COLLEGE OF ENGINEERING,Vellore,8404068296,adhiparasakthicollegeofengineering@gmail.com,
1503,ARULMIGU MEENAKSHI AMMAN COLLEGE OF ENGINEERING,Thiruvannamalai,8112971905,arulmigumeenakshiammancollegeofengineering@gmail.com,
1504,ARUNAI ENGINEERING COLLEGE,Thiruvannamalai,7784412804,arunaiengineeringcollege@gmail.com,
1505,C.ABDUL HAKEEM COLLEGE OF ENGINEERING AND TECHNOLOGY,Vellore,9458148681,c.abdulhakeemcollegeofengineeringandtechnology@gmail.com,
1506,G.G.R. COLLEGE OF ENGINEERING,Vellore,7936963168,g.g.r.collegeofengineering@gmail.com,
1507,GANADIPATHY TULSI'S JAIN ENGINEERING COLLEGE,Vellore,8037793080,ganadipathytulsi'sjainengineeringcollege@gmail.com,
1508,ARUNAI COLLEGE OF ENGINEERING,Thiruvannamalai,8674999205,arunaicollegeofengineering@gmail.com,
1509,MEENAKSHI COLLEGE OF ENGINEERING,Chennai,9061095521,meenakshicollegeofengineering@gmail.com,
1510,PRIYADARSHINI ENGINEERING COLLEGE,Vellore,8898258812,priyadarshiniengineeringcollege@gmail.com,
1511,RANIPPETTAI ENGINEERING COLLEGE,Vellore,7491213691,ranippettaiengineeringcollege@gmail.com,
1512,S.K.P. ENGINEERING COLLEGE,Thiruvannamalai,8580442829,s.k.p.engineeringcollege@gmail.com,
1513,SRI BALAJI CHOCKALINGAM ENGINEERING COLLEGE,Thiruvannamalai,7297390343,sribalajichockalingamengineeringcollege@gmail.com,
1514,SRI NANDHANAM COLLEGE OF ENGINEERING AND TECHNOLOGY,Vellore,9443113582,srinandhanamcollegeofengineeringandtechnology@gmail.com,
1516,THANTHAI PERIYAR GOVT INSTITUTE OF TECHNOLOGY,Vellore,9456618112,thanthaiperiyargovtinstituteoftechnology@gmail.com,
1517,THIRUMALAI ENGINEERING COLLEGE,Kancheepuram,8415054025,thirumalaiengineeringcollege@gmail.com,
1518,THIRUVALLUVAR COLLEGE OF ENGINEERING AND TECHNOLOGY,Thiruvannamalai,8252628002,thiruvalluvarcollegeofengineeringandtechnology@gmail.com,
1519,BHARATHIDASAN ENGINEERING COLLEGE,Vellore,9580017880,bharathidasanengineeringcollege@gmail.com,
1520,KINGSTON ENGINEERING COLLEGE,Vellore,7565773745,kingstonengineeringcollege@gmail.com,
1521,SHRI SAPTHAGIRI INSTITUTE OF TECHNOLOGY,Vellore,7556385663,shrisapthagiriinstituteoftechnology@gmail.com,
1523,GLOBAL INSTITUTE OF ENGINEERING AND TECHNOLOGY,Vellore,8236151000,globalinstituteofengineeringandtechnology@gmail.com,
1524,ANNAMALAIAR COLLEGE OF ENGINEERING,Thiruvannamalai,9310566336,annamalaiarcollegeofengineering@gmail.com,
1525,PODHIGAI COLLEGE OF ENGINEERING AND TECHNOLOGY,Vellore,9379408530,podhigaicollegeofengineeringandtechnology@gmail.com,
1526,SRI KRISHNA COLLEGE OF ENGINEERING,Vellore,9989118834,srikrishnacollegeofengineering@gmail.com,
1529,OXFORD COLLEGE OF ENGINEERING,Thiruvannamalai,9092692087,oxfordcollegeofengineering@gmail.com,
1605,IDHAYA ENGINEERING COLLEGE FOR WOMEN,Villupuram,8160860259,idhayaengineeringcollegeforwomen@gmail.com,
2005,GOVERNMENT COLLEGE OF TECHNOLOGY (AUTONOMOUS),Coimbatore,8852911740,governmentcollegeoftechnology(autonomous)@gmail.com,
2006,P.S.G. COLLEGE OF TECHNOLOGY (AUTONOMOUS),Coimbatore,8308855245,p.s.g.collegeoftechnology(autonomous)@gmail.com,
2007,COIMBATORE INSTITUTE OF TECHNOLOGY (AUTONOMOUS),Coimbatore,9156392523,coimbatoreinstituteoftechnology(autonomous)@gmail.com,
2302,SRI SHANMUGHA COLLEGE OF ENGINEERING AND TECHNOLOGY,Salem,8307929245,srishanmughacollegeofengineeringandtechnology@gmail.com,
2314,MUTHAYAMMAL COLLEGE OF ENGINEERING,Namakkal,9506479501,muthayammalcollegeofengineering@gmail.com,
2327,N.S.N. COLLEGE OF ENGINEERING AND TECHNOLOGY,Karur,8687924866,n.s.n.collegeofengineeringandtechnology@gmail.com,
2328,K S R INSTITUTE FOR ENGINEERING AND TECHNOLOGY,Namakkal,9218396225,ksrinstituteforengineeringandtechnology@gmail.com,
2329,RATHINAM TECHNICAL CAMPUS,Coimbatore,9849937272,rathinamtechnicalcampus@gmail.com,
2332,AISHWARYA COLLEGE OF ENGINEERING AND TECHNOLOGY,Erode,8365122586,aishwaryacollegeofengineeringandtechnology@gmail.com,
2337,VIDHYA MANDHIR INSTITUTE OF TECHNOLOGY,Erode,9179925277,vidhyamandhirinstituteoftechnology@gmail.com,
2338,ASIAN COLLEGE OF ENGINEERING AND TECHNOLOGY,Coimbatore,9614459589,asiancollegeofengineeringandtechnology@gmail.com,
2340,SRI VENKATESHWARA INSTITUTE OF ENGINEERING,Krishnagiri,9399823559,srivenkateshwarainstituteofengineering@gmail.com,
2341,GANESH COLLEGE OF ENGINEERING,Salem,7194389517,ganeshcollegeofengineering@gmail.com,
2342,SRI RANGANATHAR INSTITUTE OF ENGINEERING & TECHNOLOGY,Coimbatore,9252583834,sriranganatharinstituteofengineering&technology@gmail.com,
2343,INDIAN INSTITUTE OF HANDLOOM TECHNOLOGY,Salem,9599581010,indianinstituteofhandloomtechnology@gmail.com,
2345,DHIRAJLAL GANDHI COLLEGE OF TECHNOLOGY,Salem,7492577218,dhirajlalgandhicollegeoftechnology@gmail.com,
2346,SHREE SATHYAM COLLEGE OF ENGINEERING AND TECHNOLOGY,Salem,9773069509,shreesathyamcollegeofengineeringandtechnology@gmail.com,
2347,AVS COLLEGE OF TECHNOLOGY,Salem,9905982045,avscollegeoftechnology@gmail.com,
2349,DHAANISH AHMED INSTITUTE OF TECHNOLOGY,Coimbatore,9427478035,dhaanishahmedinstituteoftechnology@gmail.com,
2350,JAIRUPAA COLLEGE OF ENGINEERING,Tiruppur,7599786286,jairupaacollegeofengineering@gmail.com,
2354,POLLACHI INSTITUTE OF ENGINEERING AND TECHNOLOGY,Coimbatore,8304634321,pollachiinstituteofengineeringandtechnology@gmail.com,
2355,CHERAN COLLEGE OF ENGINEERING,Coimbatore,7026099592,cherancollegeofengineering@gmail.com,
2356,ARULMURUGAN COLLEGE OF ENGINEERING,Karur,7611105216,arulmurugancollegeofengineering@gmail.com,
2357,V.S.B. COLLEGE OF ENGINEERING TECHNICAL CAMPUS,Coimbatore,9018809148,v.s.b.collegeofengineeringtechnicalcampus@gmail.com,
2358,SCAD INSTITUTE OF TECHNOLOGY,Tiruppur,8467281640,scadinstituteoftechnology@gmail.com,
2360,SUGUNA COLLEGE OF ENGINEERING,Coimbatore,8321995101,sugunacollegeofengineering@gmail.com,
2362,HOSUR INSTITUTE OF TECHNOLOGY AND SCIENCE,Krishnagiri,9590901547,hosurinstituteoftechnologyandscience@gmail.com,
2367,ARJUN COLLEGE OF TECHNOLOGY,Coimbatore,7034993828,arjuncollegeoftechnology@gmail.com,
2369,GOVERNMENT COLLEGE OF ENGINEERING - DHARMAPURI,Dharmapuri,8746902894,governmentcollegeofengineering-dharmapuri@gmail.com,
2377,PSG INSTITUTE OF TECHNOLOGY AND APPLIED RESEARCH,Coimbatore,9249844205,psginstituteoftechnologyandappliedresearch@gmail.com,
2601,ADHIYAMAAN COLLEGE OF ENGINEERING (AUTONOMOUS),Krishnagiri,9900935759,adhiyamaancollegeofengineering(autonomous)@gmail.com,
2602,ANNAI MATHAMMAL SHEELA ENGINEERING COLLEGE,Namakkal,7982006319,annaimathammalsheelaengineeringcollege@gmail.com,
2603,GOVERNMENT COLLEGE OF ENGINEERING - BARGUR (AUTONOMOUS),Krishnagiri,9439494640,governmentcollegeofengineering-bargur(autonomous)@gmail.com,
2606,JAYAM COLLEGE OF ENGINEERING AND TECHNOLOGY,Dharmapuri,9550636589,jayamcollegeofengineeringandtechnology@gmail.com,
2607,K.S.RANGASAMY COLLEGE OF TECHNOLOGY (AUTONOMOUS),Namakkal,8460087972,k.s.rangasamycollegeoftechnology(autonomous)@gmail.com,
2608,M.KUMARASAMY COLLEGE OF ENGINEERING (AUTONOMOUS),Karur,8544450218,m.kumarasamycollegeofengineering(autonomous)@gmail.com,
2609,MAHENDRA ENGINEERING COLLEGE (AUTONOMOUS),Namakkal,7420093158,mahendraengineeringcollege(autonomous)@gmail.com,
2610,MUTHAYAMMAL ENGINEERING COLLEGE (AUTONOMOUS),Namakkal,8269998784,muthayammalengineeringcollege(autonomous)@gmail.com,
2611,PAAVAI ENGINEERING COLLEGE (AUTONOMOUS),Namakkal,7264762235,paavaiengineeringcollege(autonomous)@gmail.com,
2612,P G P COLLEGE OF ENGINEERING AND TECHNOLOGY,Namakkal,9894316241,pgpcollegeofengineeringandtechnology@gmail.com,
2613,K.S.R. COLLEGE OF ENGINEERING (AUTONOMOUS),Namakkal,8967474044,k.s.r.collegeofengineering(autonomous)@gmail.com,
2614,S.S.M. COLLEGE OF ENGINEERING,Salem,7690976909,s.s.m.collegeofengineering@gmail.com,
2615,GOVERNMENT COLLEGE OF ENGINEERING - SALEM (AUTONOMOUS),Salem,7025788667,governmentcollegeofengineering-salem(autonomous)@gmail.com,
2617,SENGUNTHAR ENGINEERING COLLEGE,Namakkal,9425237840,senguntharengineeringcollege@gmail.com,
2618,SONA COLLEGE OF TECHNOLOGY (AUTONOMOUS),Salem,7968980926,sonacollegeoftechnology(autonomous)@gmail.com,
2620,VIVEKANANDHA COLLEGE OF ENGINEERING FOR WOMEN (AUTONOMOUS),Namakkal,7173160712,vivekanandhacollegeofengineeringforwomen(autonomous)@gmail.com,
2621,ER.PERUMAL MANIMEKALAI COLLEGE OF ENGINEERING,Krishnagiri,8670751536,er.perumalmanimekalaicollegeofengineering@gmail.com,
2622,V.S.B. ENGINEERING COLLEGE,Karur,8087077450,v.s.b.engineeringcollege@gmail.com,
2623,MAHENDRA COLLEGE OF ENGINEERING,Salem,9860602452,mahendracollegeofengineering@gmail.com,
2624,GNANAMANI COLLEGE OF TECHNOLOGY,Namakkal,8333438045,gnanamanicollegeoftechnology@gmail.com,
2625,THE KAVERY ENGINEERING COLLEGE,Salem,9111446117,thekaveryengineeringcollege@gmail.com,
2627,SELVAM COLLEGE OF TECHNOLOGY,Namakkal,9128397855,selvamcollegeoftechnology@gmail.com,
2628,PAAVAI COLLEGE OF ENGINEERING,Namakkal,7054579106,paavaicollegeofengineering@gmail.com,
2629,SENGUNTHAR COLLEGE OF ENGINEERING,Namakkal,8183305310,senguntharcollegeofengineering@gmail.com,
2630,CHETTINAD COLLEGE OF ENGINEERING AND TECHNOLOGY,Karur,8411062279,chettinadcollegeofengineeringandtechnology@gmail.com,
2631,KING COLLEGE OF TECHNOLOGY,Namakkal,7890449021,kingcollegeoftechnology@gmail.com,
2632,MAHENDRA INSTITUTE OF TECHNOLOGY,Namakkal,7157837146,mahendrainstituteoftechnology@gmail.com,
2633,VIDYAA VIKAS COLLEGE OF ENGINEERING AND TECHNOLOGY,Namakkal,8146053507,vidyaavikascollegeofengineeringandtechnology@gmail.com,
2634,EXCEL ENGINEERING COLLEGE,Namakkal,7218884867,excelengineeringcollege@gmail.com,
2635,CMS COLLEGE OF ENGINEERING,Namakkal,8031782270,cmscollegeofengineering@gmail.com,
2636,A V S ENGINEERING COLLEGE,Salem,7553850147,avsengineeringcollege@gmail.com,
2638,MAHENDRA ENGINEERING COLLEGE FOR WOMEN,Namakkal,9054924380,mahendraengineeringcollegeforwomen@gmail.com,
2639,NARASU'S SARATHY INSTITUTE OF TECHNOLOGY,Salem,7732734272,narasu'ssarathyinstituteoftechnology@gmail.com,
2640,JAYALAKSHMI INSTITUTE OF TECHNOLOGY,Dharmapuri,9650744590,jayalakshmiinstituteoftechnology@gmail.com,
2641,VARUVAN VADIVELAN INSTITUTE OF TECHNOLOGY,Dharmapuri,8197356447,varuvanvadivelaninstituteoftechnology@gmail.com,
2642,P.S.V.COLLEGE OF ENGINEERING AND TECHNOLOGY,Krishnagiri,8324224215,p.s.v.collegeofengineeringandtechnology@gmail.com,
2643,BHARATHIYAR INSTITUTE OF ENGINEERING FOR WOMEN,Salem,9146866528,bharathiyarinstituteofengineeringforwomen@gmail.com,
2646,TAGORE INSTITUTE OF ENGINEERING AND TECHNOLOGY,Salem,9455915621,tagoreinstituteofengineeringandtechnology@gmail.com,
2647,J.K.K. NATTRAJA COLLEGE OF ENGINEERING AND TECHNOLOGY,Salem,7529126644,j.k.k.nattrajacollegeofengineeringandtechnology@gmail.com,
2648,ANNAPOORANA ENGINEERING COLLEGE,Salem,7757879802,annapooranaengineeringcollege@gmail.com,
2649,KARUR COLLEGE OF ENGINEERING,Karur,8923728263,karurcollegeofengineering@gmail.com,
2650,CHRIST THE KING ENGINEERING COLLEGE,Coimbatore,8206177499,christthekingengineeringcollege@gmail.com,
2651,JAI SHRIRAM ENGINEERING COLLEGE,Tiruppur,7895963193,jaishriramengineeringcollege@gmail.com,
2652,AL-AMEEN ENGINEERING COLLEGE,Erode,7040150193,al-ameenengineeringcollege@gmail.com,
2653,KNOWLEDGE INSTITUTE OF TECHNOLOGY,Salem,9904233694,knowledgeinstituteoftechnology@gmail.com,
2654,S V S COLLEGE OF ENGINEERING,Coimbatore,7735787982,svscollegeofengineering@gmail.com,
2655,V K S COLLEGE OF ENGINEERING AND TECHNOLOGY,Karur,9604673798,vkscollegeofengineeringandtechnology@gmail.com,
2656,BUILDERS ENGINEERING COLLEGE,Tiruppur,7864643069,buildersengineeringcollege@gmail.com,
2657,PAVAI COLLEGE OF TECHNOLOGY,Salem,8057303839,pavaicollegeoftechnology@gmail.com,
2658,VSA GROUP OF INSTITUTIONS,Salem,9458835179,vsagroupofinstitutions@gmail.com,
2659,SALEM COLLEGE OF ENGINEERING AND TECHNOLOGY,Salem,8206836086,salemcollegeofengineeringandtechnology@gmail.com,
2660,GNANAMANI COLLEGE OF ENGINEERING,Namakkal,9403035869,gnanamanicollegeofengineering@gmail.com,
2661,VIVEKANANDHA COLLEGE OF TECHNOLOGY FOR WOMEN,Namakkal,8429850767,vivekanandhacollegeoftechnologyforwomen@gmail.com,
2663,S R S COLLEGE OF ENGINEERING AND TECHNOLOGY,Salem,7625673574,srscollegeofengineeringandtechnology@gmail.com,
2664,EXCEL COLLEGE OF ENGINEERING AND TECHNOLOGY,Salem,7716915357,excelcollegeofengineeringandtechnology@gmail.com,
2665,MAHENDRA INSTITUTE OF ENGINEERING AND TECHNOLOGY,Namakkal,9001723189,mahendrainstituteofengineeringandtechnology@gmail.com,
2666,THE KAVERY COLLEGE OF ENGINEERING,Salem,7526014672,thekaverycollegeofengineering@gmail.com,
2673,SREE SAKTHI ENGINEERING COLLEGE,Coimbatore,7265015979,sreesakthiengineeringcollege@gmail.com,
2682,AMBAL PROFESSIONAL GROUP OF INSTITUTIONS,Tiruppur,9011604879,ambalprofessionalgroupofinstitutions@gmail.com,
2683,SHREENIVASA ENGINEERING COLLEGE,Dharmapuri,9886550884,shreenivasaengineeringcollege@gmail.com,
2702,BANNARI AMMAN INSTITUTE OF TECHNOLOGY,Erode,9859202988,bannariammaninstituteoftechnology@gmail.com,
2704,COIMBATORE INSTITUTE OF ENGINEERING AND TECHNOLOGY,Coimbatore,8408444367,coimbatoreinstituteofengineeringandtechnology@gmail.com,
2705,CSI COLLEGE OF ENGINEERING,The Nilgiris,9887880903,csicollegeofengineering@gmail.com,
2706,DR. MAHALINGAM COLLEGE OF ENGINEERING AND TECHNOLOGY,Coimbatore,7429175247,dr.mahalingamcollegeofengineeringandtechnology@gmail.com,
2707,ERODE SENGUNTHAR ENGINEERING COLLEGE,Erode,9182903769,erodesenguntharengineeringcollege@gmail.com,
2708,HINDUSTHAN COLLEGE OF ENGINEERING AND TECHNOLOGY,Coimbatore,8208373612,hindusthancollegeofengineeringandtechnology@gmail.com,
2709,INSTITUTE OF ROAD AND TRANSPORT TECHNOLOGY,Erode,8139425367,instituteofroadandtransporttechnology@gmail.com,
2710,KARPAGAM COLLEGE OF ENGINEERING,Coimbatore,7181263882,karpagamcollegeofengineering@gmail.com,
2711,KONGU ENGINEERING COLLEGE,Erode,8483945234,konguengineeringcollege@gmail.com,
2712,KUMARAGURU COLLEGE OF TECHNOLOGY,Coimbatore,8540833416,kumaragurucollegeoftechnology@gmail.com,
2713,M.P. NACHIMUTHU M. JAGANATHAN ENGINEERING COLLEGE,Erode,7495385016,m.p.nachimuthum.jaganathanengineeringcollege@gmail.com,
2714,MAHARAJA ENGINEERING COLLEGE,Coimbatore,9895271036,maharajaengineeringcollege@gmail.com,
2715,NANDHA ENGINEERING COLLEGE,Erode,7619643517,nandhaengineeringcollege@gmail.com,
2716,PARK COLLEGE OF ENGINEERING AND TECHNOLOGY,Coimbatore,8850459134,parkcollegeofengineeringandtechnology@gmail.com,
2717,SASURIE COLLEGE OF ENGINEERING,Tiruppur,8252772818,sasuriecollegeofengineering@gmail.com,
2718,SRI KRISHNA COLLEGE OF ENGINEERING & TECHNOLOGY,Coimbatore,7179719660,srikrishnacollegeofengineering&technology@gmail.com,
2719,SRI RAMAKRISHNA ENGINEERING COLLEGE,Coimbatore,8373643982,sriramakrishnaengineeringcollege@gmail.com,
2721,TAMILNADU COLLEGE OF ENGINEERING,Coimbatore,7472137633,tamilnaducollegeofengineering@gmail.com,
2722,SRI KRISHNA COLLEGE OF TECHNOLOGY,Coimbatore,9014345634,srikrishnacollegeoftechnology@gmail.com,
2723,VELALAR COLLEGE OF ENGINEERING AND TECHNOLOGY,Erode,9095341544,velalarcollegeofengineeringandtechnology@gmail.com,
2725,SRI RAMAKRISHNA INSTITUTE OF TECHNOLOGY,Coimbatore,7266591743,sriramakrishnainstituteoftechnology@gmail.com,
2726,SNS COLLEGE OF TECHNOLOGY ,Coimbatore,9390751063,snscollegeoftechnology@gmail.com,
2727,SRI SHAKTHI INSTITUTE OF ENGINEERING AND TECHNOLOGY,Coimbatore,9206878197,srishakthiinstituteofengineeringandtechnology@gmail.com,
2729,NEHRU INSTITUTE OF ENGINEERING AND TECHNOLOGY,Coimbatore,7483915583,nehruinstituteofengineeringandtechnology@gmail.com,
2731,R V S COLLEGE OF ENGINEERING AND TECHNOLOGY,Coimbatore,8387019651,rvscollegeofengineeringandtechnology@gmail.com,
2732,INFO INSTITUTE OF ENGINEERING,Coimbatore,7062160954,infoinstituteofengineering@gmail.com,
2733,ANGEL COLLEGE OF ENGINEERING AND TECHNOLOGY,Tiruppur,7649654363,angelcollegeofengineeringandtechnology@gmail.com,
2734,SNS COLLEGE OF ENGINEERING,Coimbatore,9428870930,snscollegeofengineering@gmail.com,
2735,KARPAGAM INSTITUTE OF TECHNOLOGY,Coimbatore,9194574508,karpagaminstituteoftechnology@gmail.com,
2736,DR.N G P INSTITUTE OF TECHNOLOGY,Coimbatore,8392024792,dr.ngpinstituteoftechnology@gmail.com,
2737,RANGANATHAN ENGINEERING COLLEGE,Coimbatore,9514413830,ranganathanengineeringcollege@gmail.com,
2738,SASURIE ACADEMY OF ENGINEERING,Coimbatore,8668428119,sasurieacademyofengineering@gmail.com,
2739,SRI ESHWAR COLLEGE OF ENGINEERING,Coimbatore,7869954899,srieshwarcollegeofengineering@gmail.com,
2740,HINDUSTHAN INSTITUTE OF TECHNOLOGY,Coimbatore,7034129079,hindusthaninstituteoftechnology@gmail.com,
2741,P A COLLEGE OF ENGINEERING AND TECHNOLOGY,Coimbatore,8618618712,pacollegeofengineeringandtechnology@gmail.com,
2743,DHANALAKSHMI SRINIVASAN COLLEGE OF ENGINEERING,Coimbatore,7295892276,dhanalakshmisrinivasancollegeofengineering@gmail.com,
2744,ADITHYA INSTITUTE OF TECHNOLOGY,Coimbatore,8636231036,adithyainstituteoftechnology@gmail.com,
2745,KATHIR COLLEGE OF ENGINEERING,Coimbatore,8425713088,kathircollegeofengineering@gmail.com,
2747,SHREE VENKATESHWARA HI-TECH ENGINEERING COLLEGE,Erode,8082350647,shreevenkateshwarahi-techengineeringcollege@gmail.com,
2748,SURYA ENGINEERING COLLEGE,Erode,8747248919,suryaengineeringcollege@gmail.com,
2749,EASA COLLEGE OF ENGINEERING AND TECHNOLOGY,Coimbatore,7893593544,easacollegeofengineeringandtechnology@gmail.com,
2750,KIT - KALAIGNAR KARUNANIDHI INSTITUTE OF TECHNOLOGY,Coimbatore,9061254855,kit-kalaignarkarunanidhiinstituteoftechnology@gmail.com,
2751,KGISL INSTITUTE OF TECHNOLOGY,Coimbatore,9419214800,kgislinstituteoftechnology@gmail.com,
2752,NANDHA COLLEGE OF TECHNOLOGY,Erode,7216886019,nandhacollegeoftechnology@gmail.com,
2753,PPG INSTITUTE OF TECHNOLOGY,Coimbatore,8683065226,ppginstituteoftechnology@gmail.com,
2755,NEHRU INSTITUTE OF TECHNOLOGY,Coimbatore,9667331274,nehruinstituteoftechnology@gmail.com,
2758,J K K MUNIRAJAH COLLEGE OF TECHNOLOGY,Erode,7596189966,jkkmunirajahcollegeoftechnology@gmail.com,
2761,UNITED INSTITUTE OF TECHNOLOGY,Coimbatore,8238843351,unitedinstituteoftechnology@gmail.com,
2762,JANSONS INSTITUTE OF TECHNOLOGY,Coimbatore,9206957451,jansonsinstituteoftechnology@gmail.com,
2763,AKSHAYA COLLEGE OF ENGINEERING & TECHNOLOGY,Coimbatore,9701184595,akshayacollegeofengineering&technology@gmail.com,
2764,K P R INSTITUTE OF ENGINEERING AND TECHNOLOGY,Coimbatore,8247955298,kprinstituteofengineeringandtechnology@gmail.com,
2765,SRIGURU INSTITUTE OF TECHNOLOGY,Coimbatore,8048887986,sriguruinstituteoftechnology@gmail.com,
2767,SRG ENGINEERING COLLEGE,Namakkal,8238999300,srgengineeringcollege@gmail.com,
2768,PARK COLLEGE OF TECHNOLOGY,Coimbatore,9251031695,parkcollegeoftechnology@gmail.com,
2769,J C T COLLEGE OF ENGINEERING AND TECHNOLOGY,Coimbatore,7218078484,jctcollegeofengineeringandtechnology@gmail.com,
2770,STUDY WORLD COLLEGE OF ENGINEERING,Coimbatore,8241823007,studyworldcollegeofengineering@gmail.com,
2771,DR.NALLINI INSTITUTE OF ENGINEERING AND TECHNOLOGY,Tiruppur,8298626358,dr.nalliniinstituteofengineeringandtechnology@gmail.com,
2772,C M S COLLEGE OF ENGINEERING AND TECHNOLOGY,Coimbatore,9926458751,cmscollegeofengineeringandtechnology@gmail.com,
2776,RVS TECHNICAL CAMPUS ,Coimbatore,7058421038,rvstechnicalcampus@gmail.com,
3011,UNIVERSITY COLLEGE OF ENGINEERING,Tiruchirapalli,9924508677,universitycollegeofengineering@gmail.com,
3016,UNIVERSITY COLLEGE OF ENGINEERING,Ariyalur,7921453619,universitycollegeofengineering@gmail.com,
3018,UNIVERSITY COLLEGE OF ENGINEERING,Nagapattinam,7385177841,universitycollegeofengineering@gmail.com,
3019,UNIVERSITY COLLEGE OF ENGINEERING,Cuddalore,9982110781,universitycollegeofengineering@gmail.com,
3021,UNIVERSITY COLLEGE OF ENGINEERING,Thanjavur,8039657530,universitycollegeofengineering@gmail.com,
3403,MAHALAKSHMI ENGINEERING COLLEGE,Tiruchirapalli,8176883518,mahalakshmiengineeringcollege@gmail.com,
3410,KRISHNASAMY COLLEGE OF ENGINEERING AND TECHNOLOGY,Cuddalore,8701798970,krishnasamycollegeofengineeringandtechnology@gmail.com,
3425,C.K. COLLEGE OF ENGINEERING AND TECHNOLOGY,Cuddalore,7443149413,c.k.collegeofengineeringandtechnology@gmail.com,
3451,SMR EAST COAST COLLEGE OF ENGINEERING AND TECHNOLOGY,Thanjavur,7316255332,smreastcoastcollegeofengineeringandtechnology@gmail.com,
3454,SRI RAMAKRISHNA COLLEGE OF ENGINEERING,Perambalur,9793963682,sriramakrishnacollegeofengineering@gmail.com,
3456,K.S.K COLLEGE OF ENGINEERING AND TECHNOLOGY,Thanjavur,8494259899,k.s.kcollegeofengineeringandtechnology@gmail.com,
3457,DHANALAKSHMI SRINIVASAN COLLEGE OF ENGINEERING,Perambalur,9138621237,dhanalakshmisrinivasancollegeofengineering@gmail.com,
3458,DHANALAKSHMI SRINIVASAN INSTITUTE OF RESEARCH AND TECHNOLOGY,Perambalur,7989255472,dhanalakshmisrinivasaninstituteofresearchandtechnology@gmail.com,
3459,DHANALAKSHMI SRINIVASAN INSTITUTE OF TECHNOLOGY,Tiruchirapalli,7205437038,dhanalakshmisrinivasaninstituteoftechnology@gmail.com,
3460,SUREYA COLLEGE OF ENGINEERING,Tiruchirapalli,8065903318,sureyacollegeofengineering@gmail.com,
3461,HAJI SHEIK ISMAIL ENGINEERING COLLEGE,Nagapattinam,8095409645,hajisheikismailengineeringcollege@gmail.com,
3462,ARIYALUR ENGINEERING COLLEGE,Ariyalur,8653543604,ariyalurengineeringcollege@gmail.com,
3464,GOVERNMENT COLLEGE OF ENGINEERING,Thanjavur,8832827682,governmentcollegeofengineering@gmail.com,
3465,GOVERNMENT COLLEGE OF ENGINEERING,Tiruchirapalli,9242795033,governmentcollegeofengineering@gmail.com,
3466,NELLIANDAVAR INSTITUTE OF TECHNOLOGY,Ariyalur,9128620057,nelliandavarinstituteoftechnology@gmail.com,
3701,K.RAMAKRISHNAN COLLEGE OF TECHNOLOGY,Tiruchirapalli,7099749191,k.ramakrishnancollegeoftechnology@gmail.com,
3760,SIR ISSAC NEWTON COLLEGE OF ENGINEERING AND TECHNOLOGY,Nagapattinam,9007187132,sirissacnewtoncollegeofengineeringandtechnology@gmail.com,
3766,STAR LION COLLEGE OF ENGINEERING AND TECHNOLOGY,Thanjavur,8287030854,starlioncollegeofengineeringandtechnology@gmail.com,
3781,K.K.C COLLEGE OF ENGINEERING AND TECHNOLOGY,Ariyalur,9833027703,k.k.ccollegeofengineeringandtechnology@gmail.com,
3782,OASYS INSTITUTE OF TECHNOLOGY,Tiruchirapalli,8326676500,oasysinstituteoftechnology@gmail.com,
3786,M.A.M. SCHOOL OF ENGINEERING,Tiruchirapalli,7367760165,m.a.m.schoolofengineering@gmail.com,
3795,SRM TRP ENGINEERING COLLEGE,Tiruchirapalli,9802525410,srmtrpengineeringcollege@gmail.com,
3801,A.V.C COLLEGE OF ENGINEERING,Nagapattinam,8282638991,a.v.ccollegeofengineering@gmail.com,
3802,SHRI ANGALAMMAN COLLEGE OF ENGINEERING AND TECHNOLOGY,Tiruchirapalli,9508285326,shriangalammancollegeofengineeringandtechnology@gmail.com,
3803,ANJALAI AMMAL MAHALINGAM ENGINEERING COLLEGE,Thiruvarur,9408865889,anjalaiammalmahalingamengineeringcollege@gmail.com,
3804,ARASU ENGINEERING COLLEGE,Thanjavur,8816712920,arasuengineeringcollege@gmail.com,
3805,DHANALAKSHMI SRINIVASAN ENGINEERING COLLEGE,Perambalur,9604959654,dhanalakshmisrinivasanengineeringcollege@gmail.com,
3806,E.G.S.PILLAY ENGINEERING COLLEGE,Nagapattinam,9235530653,e.g.s.pillayengineeringcollege@gmail.com,
3807,J.J.COLLEGE OF ENGINEERING AND TECHNOLOGY,Tiruchirapalli,9297079181,j.j.collegeofengineeringandtechnology@gmail.com,
3808,JAYARAM COLLEGE OF ENGINEERING AND TECHNOLOGY,Tiruchirapalli,8095877384,jayaramcollegeofengineeringandtechnology@gmail.com,
3809,KURINJI COLLEGE OF ENGINEERING AND TECHNOLOGY,Tiruchirapalli,8463214595,kurinjicollegeofengineeringandtechnology@gmail.com,
3810,M.A.M COLLEGE OF ENGINEERING,Tiruchirapalli,8526378405,m.a.mcollegeofengineering@gmail.com,
3811,M.I.E.T ENGINEERING COLLEGE,Tiruchirapalli,9345712931,m.i.e.tengineeringcollege@gmail.com,
3812,MOOKAMBIGAI COLLEGE OF ENGINEERING,Pudukkottai,9632363959,mookambigaicollegeofengineering@gmail.com,
3813,OXFORD ENGINEERING COLLEGE,Tiruchirapalli,8746416319,oxfordengineeringcollege@gmail.com,
3814,P.R.ENGINEERING COLLEGE,Thanjavur,9982514820,p.r.engineeringcollege@gmail.com,
3815,PAVENDAR BHARATHIDASAN COLLEGE OF ENGINEERING AND TECHNOLOGY,Tiruchirapalli,9335513298,pavendarbharathidasancollegeofengineeringandtechnology@gmail.com,
3817,ROEVER ENGINEERING COLLEGE,Perambalur,7236707691,roeverengineeringcollege@gmail.com,
3819,SARANATHAN COLLEGE OF ENGINEERING,Tiruchirapalli,9847949952,saranathancollegeofengineering@gmail.com,
3820,TRICHY ENGINEERING COLLEGE,Tiruchirapalli,9585935638,trichyengineeringcollege@gmail.com,
3821,A.R.J COLLEGE OF ENGINEERING AND TECHNOLOGY,Thiruvarur,7244086443,a.r.jcollegeofengineeringandtechnology@gmail.com,
3822,DR.NAVALAR NEDUNCHEZHIYAN COLLEGE OF ENGINEERING,Cuddalore,7685907949,dr.navalarnedunchezhiyancollegeofengineering@gmail.com,
3823,SRINIVASAN ENGINEERING COLLEGE,Perambalur,8301080941,srinivasanengineeringcollege@gmail.com,
3825,St. JOSEPH'S COLLEGE OF ENGINEERING AND TECHNOLOGY,Thanjavur,7787431575,st.joseph'scollegeofengineeringandtechnology@gmail.com,
3826,KONGUNADU COLLEGE OF ENGINEERING AND TECHNOLOGY,Tiruchirapalli,9307981764,kongunaducollegeofengineeringandtechnology@gmail.com,
3829,M.A.M COLLEGE OF ENGINEERING AND TECHNOLOGY,Tiruchirapalli,7256871112,m.a.mcollegeofengineeringandtechnology@gmail.com,
3830,K. RAMAKRISHNAN COLLEGE OF ENGINEERING,Tiruchirapalli,7539432976,k.ramakrishnancollegeofengineering@gmail.com,
3831,INDRA GANESAN COLLEGE OF ENGINEERING,Tiruchirapalli,9006515442,indraganesancollegeofengineering@gmail.com,
3833,PARISUTHAM INSTITUTE OF TECHNOLOGY AND SCIENCE,Thanjavur,9912241724,parisuthaminstituteoftechnologyandscience@gmail.com,
3841,C.A.R.E. GROUP OF INSTITUTIONS,Tiruchirapalli,7987364240,c.a.r.e.groupofinstitutions@gmail.com,
3843,M R K INSTITUTE OF TECHNOLOGY,Cuddalore,7725029237,mrkinstituteoftechnology@gmail.com,
3844,SHIVANI ENGINEERING COLLEGE,Tiruchirapalli,9518277296,shivaniengineeringcollege@gmail.com,
3845,IMAYAM COLLEGE OF ENGINEERING,Tiruchirapalli,7959174571,imayamcollegeofengineering@gmail.com,
3846,MOTHER TERASA COLLEGE OF ENGINEERING AND TECHNOLOGY,Pudukkottai,9537267864,motherterasacollegeofengineeringandtechnology@gmail.com,
3847,ROEVER COLLEGE OF ENGINEERING AND TECHNOLOGY,Perambalur,8447355523,roevercollegeofengineeringandtechnology@gmail.com,
3848,VANDAYAR ENGINEERING COLLEGE,Thanjavur,8149707551,vandayarengineeringcollege@gmail.com,
3849,ANNAI COLLEGE OF ENGINEERING AND TECHNOLOGY,Thanjavur,8197627599,annaicollegeofengineeringandtechnology@gmail.com,
3850,VETRI VINAYAHA COLLEGE OF ENGINEERING AND TECHNOLOGY,Tiruchirapalli,9950133414,vetrivinayahacollegeofengineeringandtechnology@gmail.com,
3852,SRI BHARATHI ENGINEERING COLLEGE FOR WOMEN,Pudukkottai,8445285821,sribharathiengineeringcollegeforwomen@gmail.com,
3854,MAHATH AMMA INSTITUTE OF ENGINEERING AND TECHNOLOGY,Pudukkottai,9065701123,mahathammainstituteofengineeringandtechnology@gmail.com,
3855,AS-SALAM COLLEGE OF ENGINEERING AND TECHNOLOGY,Thanjavur,7292704220,as-salamcollegeofengineeringandtechnology@gmail.com,
3857,MEENAKSHI RAMASWAMY ENGINEERING COLLEGE,Ariyalur,7407872067,meenakshiramaswamyengineeringcollege@gmail.com,
3859,SEMBODAI RUKMANI VARATHARAJAN ENGINEERING COLLEGE,Nagapattinam,9061181344,sembodairukmanivaratharajanengineeringcollege@gmail.com,
3860,St. ANNE'S COLLEGE OF ENGINEERING AND TECHNOLOGY,Cuddalore,7027733691,st.anne'scollegeofengineeringandtechnology@gmail.com,
3905,KINGS COLLEGE OF ENGINEERING,Pudukkottai,7863191985,kingscollegeofengineering@gmail.com,
3908,MOUNT ZION COLLEGE OF ENGINEERING AND TECHNOLOGY,Pudukkottai,9030808479,mountzioncollegeofengineeringandtechnology@gmail.com,
3918,SHANMUGANATHAN ENGINEERING COLLEGE,Pudukkottai,9318015640,shanmuganathanengineeringcollege@gmail.com,
3920,SUDHARSAN ENGINEERING COLLEGE,Pudukkottai,8279194899,sudharsanengineeringcollege@gmail.com,
3923,MNSK COLLEGE OF ENGINEERING,Pudukkottai,9248124387,mnskcollegeofengineering@gmail.com,
3925,M.A.R. COLLEGE OF ENGINEERING AND TECHNOLOGY,Pudukkottai,9596710279,m.a.r.collegeofengineeringandtechnology@gmail.com,
3926,CHENDHURAN COLLEGE OF ENGINEERING AND TECHNOLOGY,Pudukkottai,7381447516,chendhurancollegeofengineeringandtechnology@gmail.com,
4023,UNIVERSITY COLLEGE OF ENGINEERING,Kanyakumari,8269139834,universitycollegeofengineering@gmail.com,
4024,UNIVERSITY VOC COLLEGE OF ENGINEERING,Thoothukudi,9360169091,universityvoccollegeofengineering@gmail.com,
4669,THAMIRABHARANI ENGINEERING COLLEGE,Thirunelveli,9249607825,thamirabharaniengineeringcollege@gmail.com,
4670,ROHINI COLLEGE OF ENGINEERING AND TECHNOLOGY,Kanyakumari,9236731341,rohinicollegeofengineeringandtechnology@gmail.com,
4672,STELLA MARY'S COLLEGE OF ENGINEERING,Kanyakumari,7637597648,stellamary'scollegeofengineering@gmail.com,
4675,UNIVERSAL COLLEGE OF ENGINEERING & TECHNOLOGY,Thirunelveli,9637156560,universalcollegeofengineering&technology@gmail.com,
4676,RENGANAYAGI VARATHARAJ COLLEGE OF ENGINEERING,Virudhunagar,9912667967,renganayagivaratharajcollegeofengineering@gmail.com,
4677,LOURDES MOUNT COLLEGE OF ENGINEERING AND TECHNOLOGY,Kanyakumari,9281388791,lourdesmountcollegeofengineeringandtechnology@gmail.com,
4678,RAMCO INSTITUTE OF TECHNOLOGY,Virudhunagar,7903279215,ramcoinstituteoftechnology@gmail.com,
4680,AAA COLLEGE OF ENGINEERING AND TECHNOLOGY,Virudhunagar,8618465055,aaacollegeofengineeringandtechnology@gmail.com,
4864,V V COLLEGE OF ENGINEERING,Thoothukudi,7055002714,vvcollegeofengineering@gmail.com,
4917,SETHU INSTITUTE OF TECHNOLOGY,Virudhunagar,9041237483,sethuinstituteoftechnology@gmail.com,
4927,MARIA COLLEGE OF ENGINEERING AND TECHNOLOGY,Kanyakumari,9226534508,mariacollegeofengineeringandtechnology@gmail.com,
4928,MAR EPHRAEM COLLEGE OF ENGINEERING AND TECHNOLOGY,Kanyakumari,8949328892,marephraemcollegeofengineeringandtechnology@gmail.com,
4929,M.E.T ENGINEERING COLLEGE,Kanyakumari,7067379530,m.e.tengineeringcollege@gmail.com,
4931,CHANDY COLLEGE OF ENGINEERING,Thoothukudi,7514485528,chandycollegeofengineering@gmail.com,
4932,IMMANUEL ARASAR J J COLLEGE OF ENGINEERING,Kanyakumari,7183535567,immanuelarasarjjcollegeofengineering@gmail.com,
4933,St.MOTHER THERESA ENGINEERING COLLEGE,Thoothukudi,7637874518,st.mothertheresaengineeringcollege@gmail.com,
4934,HOLY CROSS ENGINEERING COLLEGE,Thoothukudi,9857833008,holycrossengineeringcollege@gmail.com,
4937,A.R. COLLEGE OF ENGINEERING AND TECHNOLOGY,Tirunelveli,7707398538,a.r.collegeofengineeringandtechnology@gmail.com,
4938,SIVAJI COLLEGE OF ENGINEERING AND TECHNOLOGY,Kanyakumari,8628587562,sivajicollegeofengineeringandtechnology@gmail.com,
4941,UNNAMALAI INSTITUTE OF TECHNOLOGY,Thoothukudi,7903257510,unnamalaiinstituteoftechnology@gmail.com,
4944,ARUNACHALA COLLEGE OF ENGINEERING FOR WOMEN,Kanyakumari,9139223013,arunachalacollegeofengineeringforwomen@gmail.com,
4945,VINS CHRISTIAN WOMEN'S COLLEGE OF ENGINEERING,Kanyakumari,9927204455,vinschristianwomen'scollegeofengineering@gmail.com,
4946,DMI ENGINEERING COLLEGE,Kanyakumari,7680317769,dmiengineeringcollege@gmail.com,
4948,RAJAS INTERNATIONAL INSTITUTE OF TECHNOLOGY FOR WOMEN,Kanyakumari,8157059627,rajasinternationalinstituteoftechnologyforwomen@gmail.com,
4949,PSN INSTITUTE OF TECHNOLOGY AND SCIENCE,Thirunelveli,8662528682,psninstituteoftechnologyandscience@gmail.com,
4950,TAMIZHAN COLLEGE OF ENGINEERING AND TECHNOLOGY,Kanyakumari,8039001321,tamizhancollegeofengineeringandtechnology@gmail.com,
4952,C.S.I. INSTITUTE OF TECHNOLOGY,Kanyakumari,9560267250,c.s.i.instituteoftechnology@gmail.com,
4953,CAPE INSTITUTE OF TECHNOLOGY,Thirunelveli,8691983432,capeinstituteoftechnology@gmail.com,
4954,DR.SIVANTHI ADITANAR COLLEGE OF ENGINEERING,Thoothukudi,9438794784,dr.sivanthiaditanarcollegeofengineering@gmail.com,
4955,FRANCIS XAVIER ENGINEERING COLLEGE,Thirunelveli,7935463056,francisxavierengineeringcollege@gmail.com,
4957,JAYARAJ ANNAPACKIAM CSI COLLEGE OF ENGINEERING,Thoothukudi,7483224841,jayarajannapackiamcsicollegeofengineering@gmail.com,
4959,KAMARAJ COLLEGE OF ENGINEERING AND TECHNOLOGY,Madurai,8602196356,kamarajcollegeofengineeringandtechnology@gmail.com,
4960,MEPCO SCHLENK ENGINEERING COLLEGE,Virudhunagar,7335485737,mepcoschlenkengineeringcollege@gmail.com,
4961,NATIONAL COLLEGE OF ENGINEERING,Thirunelveli,8884758133,nationalcollegeofengineering@gmail.com,
4962,NATIONAL ENGINEERING COLLEGE,Thoothukudi,9041083373,nationalengineeringcollege@gmail.com,
4964,PSN COLLEGE OF ENGINEERING AND TECHNOLOGY,Thirunelveli,7155158208,psncollegeofengineeringandtechnology@gmail.com,
4965,P.S.R ENGINEERING COLLEGE,Virudhunagar,7061070024,p.s.rengineeringcollege@gmail.com,
4966,PET ENGINEERING COLLEGE,Thirunelveli,8347716272,petengineeringcollege@gmail.com,
4967,S.VEERASAMY CHETTIAR COLLEGE OF ENGINEERING AND TECHNOLOGY,Thirunelveli,7325559565,s.veerasamychettiarcollegeofengineeringandtechnology@gmail.com,
4968,SARDAR RAJA COLLEGE OF ENGINEERING,Thirunelveli,8080410079,sardarrajacollegeofengineering@gmail.com,
4969,SCAD COLLEGE OF ENGINEERING AND TECHNOLOGY,Thirunelveli,9918985636,scadcollegeofengineeringandtechnology@gmail.com,
4970,SREE SOWDAMBIKA COLLEGE OF ENGINEERING,Virudhunagar,9018144031,sreesowdambikacollegeofengineering@gmail.com,
4971,St.XAVIER'S CATHOLIC COLLEGE OF ENGINEERING,Kanyakumari,7401361241,st.xavier'scatholiccollegeofengineering@gmail.com,
4972,AMRITA COLLEGE OF ENGINEERING AND TECHNOLOGY,Kanyakumari,7233898746,amritacollegeofengineeringandtechnology@gmail.com,
4973,RAJAS ENGINEERING COLLEGE,Thirunelveli,8661872493,rajasengineeringcollege@gmail.com,
4974,GOVERNMENT COLLEGE OF ENGINEERING,Thirunelveli,9915708333,governmentcollegeofengineering@gmail.com,
4975,DR.G.U.POPE COLLEGE OF ENGINEERING,Thoothukudi,9594818187,dr.g.u.popecollegeofengineering@gmail.com,
4976,INFANT JESUS COLLEGE OF ENGINEERING,Thoothukudi,8154766040,infantjesuscollegeofengineering@gmail.com,
4977,NARAYANAGURU COLLEGE OF ENGINEERING,Kanyakumari,8635426272,narayanagurucollegeofengineering@gmail.com,
4978,UDAYA SCHOOL OF ENGINEERING,Kanyakumari,7113562478,udayaschoolofengineering@gmail.com,
4979,V.P.MUTHAIAH PILLAI MEENAKSHI AMMAL ENGINEERING COLLEGE FOR WOMEN,Virudhunagar,7930341515,v.p.muthaiahpillaimeenakshiammalengineeringcollegeforwomen@gmail.com,
4980,EINSTEIN COLLEGE OF ENGINEERING,Thirunelveli,8321205992,einsteincollegeofengineering@gmail.com,
4981,PONJESLY COLLEGE OF ENGINEERING,Kanyakumari,9109783125,ponjeslycollegeofengineering@gmail.com,
4982,VINS CHRISTIAN COLLEGE OF ENGINEERING,Kanyakumari,8500011388,vinschristiancollegeofengineering@gmail.com,
4983,LORD JEGANNATH COLLEGE OF ENGINEERING AND TECHNOLOGY,Kanyakumari,7190839561,lordjegannathcollegeofengineeringandtechnology@gmail.com,
4984,MARTHANDAM COLLEGE OF ENGINEERING AND TECHNOLOGY,Kanyakumari,8005674816,marthandamcollegeofengineeringandtechnology@gmail.com,
4985,KALAIVANAR N S K COLLEGE OF ENGINEERING,Kanyakumari,9270867494,kalaivanarnskcollegeofengineering@gmail.com,
4987,JAMES COLLEGE OF ENGINEERING AND TECHNOLOGY,Kanyakumari,9691112991,jamescollegeofengineeringandtechnology@gmail.com,
4989,PSN ENGINEERING COLLEGE,Thirunelveli,8689455596,psnengineeringcollege@gmail.com,
4991,KALASALINGAM INSTITUTE OF TECHNOLOGY,Virudhunagar,9574665158,kalasalingaminstituteoftechnology@gmail.com,
4992,BETHLAHEM INSTITUTE OF ENGINEERING,Kanyakumari,8931652409,bethlaheminstituteofengineering@gmail.com,
4993,LOYOLA INSTITUTE OF TECHNOLOGY AND SCIENCE,Kanyakumari,9472561006,loyolainstituteoftechnologyandscience@gmail.com,
4994,J P COLLEGE OF ENGINEERING,Tirunelveli,8628774122,jpcollegeofengineering@gmail.com,
4995,P.S.R.RENGASAMY COLLEGE OF ENGINEERING FOR WOMEN,Virudhunagar,9332636942,p.s.r.rengasamycollegeofengineeringforwomen@gmail.com,
4996,SRI VIDYA COLLEGE OF ENGINEERING & TECHNOLOGY,Virudhunagar,9423808486,srividyacollegeofengineering&technology@gmail.com,
4998,MAHAKAVI BHARATHIYAR COLLEGE OF ENGINEERING AND TECHNOLOGY,Thirunelveli,9961821822,mahakavibharathiyarcollegeofengineeringandtechnology@gmail.com,
4999,ANNAI VAILANKANNI COLLEGE OF ENGINEERING,Kanyakumari,8900220276,annaivailankannicollegeofengineering@gmail.com,
5008,THIAGARAJAR COLLEGE OF ENGINEERING,Madurai,9759364804,thiagarajarcollegeofengineering@gmail.com,
5009,GOVERNMENT COLLEGE OF ENGINEERING,Theni,7518568088,governmentcollegeofengineering@gmail.com,
5012,CENTRAL ELECTROCHEMICAL RESEARCH INSTITUTE,Sivaganga,9634899251,centralelectrochemicalresearchinstitute@gmail.com,
5017,UNIVERSITY COLLEGE OF ENGINEERING,Ramanathapuram,7642075945,universitycollegeofengineering@gmail.com,
5022,UNIVERSITY COLLEGE OF ENGINEERING,Dindigul,8994842937,universitycollegeofengineering@gmail.com,
5502,SRI RAAJA RAAJAN COLLEGE OF ENGINEERING AND TECHNOLOGY,Sivaganga,8706801564,sriraajaraajancollegeofengineeringandtechnology@gmail.com,
5530,SSM INSTITUTE OF ENGINEERING AND TECHNOLOGY,Dindigul,9276584028,ssminstituteofengineeringandtechnology@gmail.com,
5532,VAIGAI COLLEGE OF ENGINEERING,Madurai,9531962928,vaigaicollegeofengineering@gmail.com,
5533,KIT & KIM TECHNICAL CAMPUS,Sivaganga,7171543222,kit&kimtechnicalcampus@gmail.com,
5536,MANGAYARKARASI COLLEGE OF ENGINEERING,Madurai,9385687786,mangayarkarasicollegeofengineering@gmail.com,
5537,JAINEE COLLEGE OF ENGINEERING AND TECHNOLOGY,Dindigul,9061512301,jaineecollegeofengineeringandtechnology@gmail.com,
5540,ARINGER ANNA COLLEGE OF ENGINEERING AND TECHNOLOGY,Dindigul,8977657991,aringerannacollegeofengineeringandtechnology@gmail.com,
5703,CHRISTIAN COLLEGE OF ENGINEERING AND TECHNOLOGY,Dindigul,9765922679,christiancollegeofengineeringandtechnology@gmail.com,
5720,SRI SUBRAMANYA COLLEGE OF ENGINEERING AND TECHNOLOGY,Dindigul,7486053723,srisubramanyacollegeofengineeringandtechnology@gmail.com,
5832,N P R COLLEGE OF ENGINEERING AND TECHNOLOGY,Dindigul,9479210612,nprcollegeofengineeringandtechnology@gmail.com,
5842,MADURAI INSTITUTE OF ENGINEERING AND TECHNOLOGY,Sivaganga,9607806608,maduraiinstituteofengineeringandtechnology@gmail.com,
5851,VEERAMMAL ENGINEERING COLLEGE,Dindigul,9900169960,veerammalengineeringcollege@gmail.com,
5862,R.V.S. SCHOOL OF ENGINEERING AND TECHNOLOGY,Dindigul,8073772657,r.v.s.schoolofengineeringandtechnology@gmail.com,
5865,NADAR SARASWATHI COLLEGE OF ENGINEERING & TECHNOLOGY,Theni,9663384818,nadarsaraswathicollegeofengineering&technology@gmail.com,
5901,ALAGAPPA CHETTIAR GOVT. COLLEGE OF ENGG. AND TECH,Sivaganga,9934291879,alagappachettiargovt.collegeofengg.andtech@gmail.com,
5902,BHARATH NIKETAN ENGINEERING COLLEGE,Theni,7743187164,bharathniketanengineeringcollege@gmail.com,
5903,K.L.N.COLLEGE OF INFORMATION TECHNOLOGY,Sivaganga,7128179755,k.l.n.collegeofinformationtechnology@gmail.com,
5904,K.L.N.COLLEGE OF ENGINEERING,Sivaganga,7692664592,k.l.n.collegeofengineering@gmail.com,
5907,MOHAMED SATHAK ENGINEERING COLLEGE,Ramanathapuram,8529479085,mohamedsathakengineeringcollege@gmail.com,
5910,PSNA COLLEGE OF ENGINEERING AND TECHNOLOGY,Dindigul,9109922053,psnacollegeofengineeringandtechnology@gmail.com,
5911,P.T.R.COLLEGE OF ENGINEERING AND TECHNOLOGY,Madurai,8605969638,p.t.r.collegeofengineeringandtechnology@gmail.com,
5912,PANDIAN SARASWATHI YADAV ENGINEERING COLLEGE,Sivaganga,9926721319,pandiansaraswathiyadavengineeringcollege@gmail.com,
5913,R.V.S. COLLEGE OF ENGINEERING,Dindigul,8241876216,r.v.s.collegeofengineering@gmail.com,
5914,SOLAMALAI COLLEGE OF ENGINEERING,Madurai,7320406866,solamalaicollegeofengineering@gmail.com,
5915,SACS M.A.V.M.M ENGINEERING COLLEGE,Madurai,9943966598,sacsm.a.v.m.mengineeringcollege@gmail.com,
5919,St.MICHAEL COLLEGE OF ENGINEERING & TECHNOLOGY,Sivaganga,7524695375,st.michaelcollegeofengineering&technology@gmail.com,
5921,SYED AMMAL ENGINEERING COLLEGE,Ramanathapuram,9827044341,syedammalengineeringcollege@gmail.com,
5922,VICKRAM COLLEGE OF ENGINEERING,Madurai,9434987123,vickramcollegeofengineering@gmail.com,
5924,GANAPATHY CHETTIAR COLLEGE OF ENGINEERING AND TECHNOLOGY,Ramanathapuram,8953870582,ganapathychettiarcollegeofengineeringandtechnology@gmail.com,
5930,SBM COLLEGE OF ENGINEERING AND TECHNOLOGY,Dindigul,8804015554,sbmcollegeofengineeringandtechnology@gmail.com,
5935,FATIMA MICHAEL COLLEGE OF ENGINEERING AND TECHNOLOGY,Madurai,7282971675,fatimamichaelcollegeofengineeringandtechnology@gmail.com,
5942,ULTRA COLLEGE OF ENGINEERING AND TECHNOLOGY,Madurai,7958241879,ultracollegeofengineeringandtechnology@gmail.com,
5986,VELAMMAL COLLEGE OF ENGINEERING AND TECHNOLOGY,Madurai,9841119322,velammalcollegeofengineeringandtechnology@gmail.com,
5988,THENI KAMMAVAR SANGAM COLLEGE OF TECHNOLOGY.,Theni,8783835699,thenikammavarsangamcollegeoftechnology.@gmail.com,
5990,LATHA MATHAVAN ENGINEERING COLLEGE,Madurai,8833106425,lathamathavanengineeringcollege@gmail.com,
