college_id,college_name,place,phone_number,email
1538,Madras Medical College,Chennai,8011396805,MadrasMedicalCollege@gmail.com
2513,Stanley Medical College,Chennai,9694958272,StanleyMedicalCollege@gmail.com
2588,Kilpauk Medical College,Chennai,7919375477,KilpaukMedicalCollege@gmail.com
1833,Government Medical College,Tirunelveli,9451641364,GovernmentMedicalCollege@gmail.com
2810,Coimbatore Medical College,Coimbatore,9053017450,CoimbatoreMedicalCollege@gmail.com
2502,Thanjavur Medical College,Thanjavur,7753492848,ThanjavurMedicalCollege@gmail.com
2409,Chengalpattu Medical College,Chengalpattu,8976817226,ChengalpattuMedicalCollege@gmail.com
2436,Madurai Medical College,Madurai,7716115118,MaduraiMedicalCollege@gmail.com
2963,K.A.P. Viswanatham Government Medical College,Tiruchirapalli,9450049525,K.A.P.ViswanathamGovernmentMedicalCollege@gmail.com
2733,Government Mohan Kumaramangalam Medical College,Salem,9577101927,GovernmentMohanKumaramangalamMedicalCollege@gmail.com
1987,Government Vellore Medical College,Vellore,9039580307,GovernmentVelloreMedicalCollege@gmail.com
2084,Thoothukudi Medical College,Thoothukudi,8573544567,ThoothukudiMedicalCollege@gmail.com
1662,Government Medical College & ESIC Hospital,Coimbatore,9690852210,GovernmentMedicalCollege&ESICHospital@gmail.com
2417,Government Sivagangai Medical College,Sivagangai,8439610403,GovernmentSivagangaiMedicalCollege@gmail.com
2722,Government Medical College & Hospital,Pudukkottai,7513545202,GovernmentMedicalCollege&Hospital@gmail.com
1776,Theni Government Medical College,Theni,7992670933,TheniGovernmentMedicalCollege@gmail.com
2817,Government Dharmapuri Medical College,Dharmapuri,9280907194,GovernmentDharmapuriMedicalCollege@gmail.com
1553,Government Villupuram Medical College,Villupuram,7666667697,GovernmentVillupuramMedicalCollege@gmail.com
1711,Tiruvarur Govt. Medical College,Tiruvarur,9020946726,TiruvarurGovt.MedicalCollege@gmail.com
2624,Government Thiruvannamalai Medical College,Thiruvannamalai,9211663889,GovernmentThiruvannamalaiMedicalCollege@gmail.com
1720,Government Medical College & Hospital,Omandurar,8177959612,GovernmentMedicalCollege&Hospital@gmail.com
2037,Government Medical College & Hospital,Karur,9516139663,GovernmentMedicalCollege&Hospital@gmail.com
2820,Kanyakumari Government Medical College,Kanyakumari,9548578864,KanyakumariGovernmentMedicalCollege@gmail.com
2466,Government Medical College & Hospital,Thiruvarur,9933798646,GovernmentMedicalCollege&Hospital@gmail.com
2611,Government Medical College & Hospital,Kallakurichi,9258798206,GovernmentMedicalCollege&Hospital@gmail.com
2021,Government Medical College & Hospital,Ariyalur,9626223696,GovernmentMedicalCollege&Hospital@gmail.com
2613,Government Medical College & Hospital,Tenkasi,8890231291,GovernmentMedicalCollege&Hospital@gmail.com
2109,Government Medical College & Hospital,Ramanathapuram,8956203070,GovernmentMedicalCollege&Hospital@gmail.com
1628,Government Medical College & Hospital,Dindigul,8793069412,GovernmentMedicalCollege&Hospital@gmail.com
1696,Government Medical College & Hospital,Thenkasi,9250292127,GovernmentMedicalCollege&Hospital@gmail.com
1768,Government Medical College & Hospital,Kancheepuram,9358244242,GovernmentMedicalCollege&Hospital@gmail.com
2195,Government Medical College & Hospital,Nagapattinam,8516693044,GovernmentMedicalCollege&Hospital@gmail.com
1927,Government Medical College & Hospital,Virudhunagar,9832649455,GovernmentMedicalCollege&Hospital@gmail.com
2630,Government Medical College & Hospital,Namakkal,8076716713,GovernmentMedicalCollege&Hospital@gmail.com
2543,Government Medical College & Hospital,Krishnagiri,8244897801,GovernmentMedicalCollege&Hospital@gmail.com
2874,Government Medical College & Hospital,Tiruppur,9649087948,GovernmentMedicalCollege&Hospital@gmail.com
2308,Government Medical College & Hospital,Perambalur,8754756230,GovernmentMedicalCollege&Hospital@gmail.com
2564,Government Medical College & Hospital,Tiruvallur,7705767363,GovernmentMedicalCollege&Hospital@gmail.com
1938,Government Medical College & Hospital,Poonamallee,9123548847,GovernmentMedicalCollege&Hospital@gmail.com
2233,Government Medical College & Hospital,Tirupathur,9028872654,GovernmentMedicalCollege&Hospital@gmail.com
2189,Saveetha Medical College and Hospital,Kanchipuram,9616936281,SaveethaMedicalCollegeandHospital@gmail.com
2478,Sri Ramachandra Medical College and Research Institute,Chennai,9499727360,SriRamachandraMedicalCollegeandResearchInstitute@gmail.com
2241,SRM Medical College Hospital and Research Centre,Chennai,8418951345,SRMMedicalCollegeHospitalandResearchCentre@gmail.com
2959,Chettinad Hospital and Research Institute,Kanchipuram,7641251009,ChettinadHospitalandResearchInstitute@gmail.com
1642,ACS Medical College and Hospital,Chennai,9317419711,ACSMedicalCollegeandHospital@gmail.com
1530,Vinayaka Missions Medical College,Salem,7732932916,VinayakaMissionsMedicalCollege@gmail.com
2935,Karpaga Vinayaga Institute of Medical Sciences,Kanchipuram,9560072419,KarpagaVinayagaInstituteofMedicalSciences@gmail.com
2429,Shri Satya Sai Medical College and Research Institute,Kancheepuram,9210100081,ShriSatyaSaiMedicalCollegeandResearchInstitute@gmail.com
1591,PSG Institute of Medical Sciences and Research,Coimbatore,9689336444,PSGInstituteofMedicalSciencesandResearch@gmail.com
2474,Tagore Medical College and Hospital,Chennai,8178805200,TagoreMedicalCollegeandHospital@gmail.com
2497,Velammal Medical College Hospital and Research Institute,Madurai,8157990264,VelammalMedicalCollegeHospitalandResearchInstitute@gmail.com
2815,Melmaruvathur Adhiparasakthi Institute of Medical Sciences and Research,Kancheepuram,9342571951,MelmaruvathurAdhiparasakthiInstituteofMedicalSciencesandResearch@gmail.com
1649,Dhanalakshmi Srinivasan Medical College and Hospital,Perambalur,7647877606,DhanalakshmiSrinivasanMedicalCollegeandHospital@gmail.com
1763,Annapoorna Medical College and Hospital,Salem,8565795021,AnnapoornaMedicalCollegeandHospital@gmail.com
2645,Sree Mookambika Institute of Medical Sciences,Kanyakumari,8075019030,SreeMookambikaInstituteofMedicalSciences@gmail.com
2683,Sri Muthukumaran Medical College Hospital and Research Institute,Chennai,9660696980,SriMuthukumaranMedicalCollegeHospitalandResearchInstitute@gmail.com
1613,Madha Medical College and Hospital,Chennai,7990946302,MadhaMedicalCollegeandHospital@gmail.com
2284,Christian Medical College,Vellore,9562772541,ChristianMedicalCollege@gmail.com
2800,Apollo Institute of Medical Sciences and Research,Chennai,8262337726,ApolloInstituteofMedicalSciencesandResearch@gmail.com
